{
    "root_group": {
        "checks": {},
        "name": "",
        "path": "",
        "id": "d41d8cd98f00b204e9800998ecf8427e",
        "groups": {
                "coupon-issue": {
                    "name": "coupon-issue",
                    "path": "::coupon-issue",
                    "id": "8972a4dc5998cafa75044374ea1285bb",
                    "groups": {},
                    "checks": {
                            "coupon issued": {
                                "name": "coupon issued",
                                "path": "::coupon-issue::coupon issued",
                                "id": "df5e6846d566729a6259160e0bda0021",
                                "passes": 0,
                                "fails": 12
                            }
                        }
                }
            }
    },
    "metrics": {
        "vus_max": {
            "value": 150,
            "min": 150,
            "max": 150
        },
        "checks": {
            "passes": 0,
            "fails": 12,
            "thresholds": {
                "rate>0.99": true
            },
            "value": 0
        },
        "http_req_tls_handshaking": {
            "avg": 0,
            "min": 0,
            "med": 0,
            "max": 0,
            "p(90)": 0,
            "p(95)": 0
        },
        "coupon_issue_duration": {
            "min": 6.152,
            "med": 13.2035,
            "max": 28.794,
            "p(90)": 15.713700000000001,
            "p(95)": 21.629699999999993,
            "avg": 13.152083333333332
        },
        "http_req_blocked": {
            "avg": 0.45658333333333334,
            "min": 0.157,
            "med": 0.30700000000000005,
            "max": 1.938,
            "p(90)": 0.5757,
            "p(95)": 1.1905499999999993
        },
        "http_req_failed": {
            "passes": 12,
            "fails": 0,
            "value": 1
        },
        "http_req_sending": {
            "p(90)": 0.2841,
            "p(95)": 0.46944999999999976,
            "avg": 0.12683333333333333,
            "min": 0.013,
            "med": 0.044,
            "max": 0.69
        },
        "http_req_receiving": {
            "avg": 0.24816666666666662,
            "min": 0.029,
            "med": 0.139,
            "max": 1.019,
            "p(90)": 0.48510000000000003,
            "p(95)": 0.7285999999999997
        },
        "http_req_waiting": {
            "max": 27.535,
            "p(90)": 15.5814,
            "p(95)": 21.001549999999995,
            "avg": 12.777083333333335,
            "min": 6.08,
            "med": 12.864
        },
        "iterations": {
            "count": 12,
            "rate": 0.9515036810902202
        },
        "group_duration": {
            "p(95)": 25.152493899999993,
            "avg": 14.286361249999999,
            "min": 6.573584,
            "med": 14.011979499999999,
            "max": 35.917667,
            "p(90)": 16.2985334
        },
        "http_req_duration": {
            "avg": 13.152083333333332,
            "min": 6.152,
            "med": 13.2035,
            "max": 28.794,
            "p(90)": 15.713700000000001,
            "p(95)": 21.629699999999993,
            "thresholds": {
                "p(95)<350": false
            }
        },
        "coupon_issue_errors": {
            "count": 12,
            "rate": 0.9515036810902202
        },
        "http_reqs": {
            "count": 12,
            "rate": 0.9515036810902202
        },
        "http_req_connecting": {
            "min": 0.136,
            "med": 0.22549999999999998,
            "max": 0.438,
            "p(90)": 0.3679,
            "p(95)": 0.40445,
            "avg": 0.2476666666666667
        },
        "data_sent": {
            "count": 3695,
            "rate": 292.98384180236366
        },
        "iteration_duration": {
            "med": 14.095167,
            "max": 36.139458,
            "p(90)": 16.346375000000002,
            "p(95)": 25.27766859999999,
            "avg": 14.347513916666669,
            "min": 6.615666
        },
        "vus": {
            "value": 20,
            "min": 2,
            "max": 20
        },
        "data_received": {
            "count": 3288,
            "rate": 260.71200861872035
        }
    }
}